"","x"
"1","P4_cLP_TAACGACAGTAGATCA"
"2","P4_cLP_TCAATCTGTAACATCC"
"3","P4_cLP_TGACTCCCAAGATGTA"
"4","P4_cLP_TGAGGGATCCGCCTAT"
"5","P1_cLP_GTGCGGTGTACTTCTT"
"6","P1_cLP_ATTGGTGGTGTCCTCT"
"7","P1_cLP_ATTTCTGTCTTTACAC"
"8","P1_cLP_GTCGTAATCGCAAGCC"
"9","P1_SILP_ATAAGAGAGACCGGAT"
"10","P1_SILP_GTATTCTCACAACGCC"
"11","P1_SILP_TACGGATCACCTATCC"
"12","P1_SILP_TGAGCCGGTAGTACCT"
"13","P1_SILP_TGGCCAGAGCACCGTC"
"14","P2_cLP_ACCGTAAAGCACACAG"
"15","P2_cLP_CTCTGGTGTCAAAGCG"
"16","P2_cLP_CTGAAACGTTAAAGAC"
"17","P2_cLP_GTCATTTCAACTGGCC"
"18","P2_cLP_TACCTTATCTAGCACA"
"19","P2_cLP_TTTCCTCAGATCGATA"
"20","P2_SILP_C12_ACTGAGTAGTCAAGGC"
"21","P2_SILP_C12_AGCGTATGTGTGAATA"
"22","P2_SILP_C12_CACAGGCCATGGTAGG"
"23","P2_SILP_C12_CTCTACGCATGACGGA"
"24","P3_cLP_ATCAGGTGTTCCAGGC"
"25","P3_cLP_CAGTGCGGTCGTGGAA"
"26","P3_cLP_CTGCATCGTATGTGTC"
"27","P3_cLP_TAACCAGGTGTGAGCA"
"28","P3_cLP_TATCCTATCGTGTCAA"
"29","P3_cLP_TCGATTTTCCATGATG"
"30","P3_SILP_AATCGACCACTACACA"
"31","P3_SILP_CACGGGTGTACTAACC"
"32","P3_SILP_CTGCCTAGTATTCTCT"
"33","P3_SILP_CTGTGGGTCGATTCCC"
"34","P3_SILP_GATCGTATCGGCAGTC"
"35","P3_SILP_GTTAGTGCACAGCGCT"
"36","P3_SILP_TAAGCACGTATGGAGC"
"37","P3_SILP_TCTCACGAGAGAGGGC"
"38","P3_SILP_TCTTTGATCTGCATAG"
"39","P3_SILP_TTGTTTGCAATCTCTT"
"40","P4_SILP_ATCATTCCAAGAGTGC"
